,AAPL,AMZN,CVS,UNH,WMT,ARIMA_AAPL,RF_AAPL,ARIMA_AMZN,RF_AMZN,ARIMA_CVS,RF_CVS,ARIMA_UNH,RF_UNH,ARIMA_WMT,RF_WMT
2024-01-02,185.63999938964844,149.92999267578125,80.8499984741211,539.3400268554688,53.0966682434082,192.61060860539632,177.34359756469726,151.9376102687077,163.9263639831543,78.95895210490181,104.8954006958008,526.6631370865907,482.33669921875,52.55612515100711,47.632965927124026
2024-01-03,184.25,148.47000122070312,80.87999725341797,542.030029296875,53.09999847412109,192.69453714375467,176.93269638061523,151.92776573599156,162.04116470336913,78.95760181322797,105.46800071716308,526.899751793355,491.23789764404296,52.561103696165965,47.67576560974121
2024-01-04,181.91000366210935,144.57000732421875,80.51000213623047,545.4199829101562,52.58666610717773,192.7784754236004,173.46139755249024,151.9179598352128,163.9234553527832,78.95626179476712,104.9324993133545,527.1349953609925,485.5004956054688,52.56601814537681,47.79459964752197
2024-01-05,181.17999267578125,145.24000549316406,81.41999816894531,537.3800048828125,52.23666763305664,192.8624137320405,173.08489868164062,151.90815373417175,162.42328414916992,78.95492142835145,105.0171989440918,527.370282198942,476.64650268554686,52.5709290139686,48.003965835571286
2024-01-08,185.55999755859372,149.10000610351562,80.68000030517578,536.52001953125,52.75,192.94635204056456,172.8786015319824,151.89834763416883,159.53799133300782,78.95358107372107,105.92480026245116,527.6055676713701,482.077102355957,52.57583968253474,48.02283382415772
2024-01-09,185.13999938964844,151.3699951171875,80.36000061035156,538.3699951171875,53.10333251953125,193.0302903490889,174.87520065307618,151.88854153416054,161.5310221862793,78.9522407186915,105.61790008544922,527.8408531868912,483.5625018310547,52.58075033992677,47.96113277435303
2024-01-10,186.19000244140625,153.72999572753906,79.23999786376953,537.6400146484375,53.76333236694336,193.1142286576132,174.81799926757813,151.87873543415225,162.8662730407715,78.95090036367546,105.40619934082032,528.0761387010523,475.1560006713867,52.58566099669458,47.91106552124023
2024-01-11,185.58999633789065,155.17999267578125,78.93000030517578,539.6799926757812,53.70333480834961,193.19816696613748,172.15980056762697,151.86892933414398,162.4938801574707,78.94956000865896,105.2312986755371,528.3114242152565,470.4104977416992,52.59057165342752,48.08540027618408
2024-01-12,185.9199981689453,154.6199951171875,76.55999755859375,521.510009765625,53.77333450317383,193.28210527466177,171.65510101318358,151.8591232341357,161.19833602905274,78.94821965364248,105.17209953308104,528.5467097294592,467.9425009155273,52.5954823101585,48.18916599273682
2024-01-16,183.6300048828125,153.16000366210938,77.41999816894531,519.1500244140625,53.94333267211914,193.4499818917104,171.23589950561524,151.83951103411914,159.95221267700197,78.9455389436095,104.58920127868652,529.0172807578647,470.5400994873047,52.60530362362025,47.57356731414795
2024-01-17,182.67999267578125,151.7100067138672,76.98999786376953,524.9400024414062,53.68999862670898,193.53392020023463,169.52090209960937,151.82970493411088,157.44410583496094,78.94419858859303,104.26030029296876,529.2525662720674,467.4982946777344,52.61021428035112,47.72250030517578
2024-01-18,188.6300048828125,153.5,73.87999725341797,516.3400268554688,54.413333892822266,193.61785850875896,168.27720153808593,151.81989883410262,156.79278213500976,78.94285823357654,102.96890045166016,529.4878517862702,462.23339416503904,52.615124937082,47.75423400878906
2024-01-19,191.55999755859372,155.33999633789062,73.22000122070312,503.55999755859375,54.12666702270508,193.70179681728325,166.54609939575195,151.81009273409433,155.17617797851562,78.94151787856005,102.72509895324708,529.723137300473,463.6000039672852,52.62003559381287,47.79386661529541
2024-01-22,193.88999938964844,154.77999877929688,73.93000030517578,512.989990234375,54.130001068115234,193.7857351258076,163.17500076293945,151.80028663408606,148.00869689941408,78.94017752354357,103.44960083007813,529.9584228146757,463.4859957885742,52.624946250543736,46.87010021209717
2024-01-23,195.17999267578125,156.02000427246094,75.0999984741211,515.52001953125,54.26666641235352,193.86967343433187,161.44470153808595,151.79048053407777,146.2847805786133,78.93883716852709,103.38030044555664,530.1937083288785,461.0214938354492,52.62985690727461,46.53300022125244
2024-01-24,194.5,156.8699951171875,74.19000244140625,513.22998046875,53.5,193.95361174285617,161.52460159301756,151.7806744340695,145.70933029174805,78.9374968135106,103.4556997680664,530.4289938430812,459.9063961791992,52.634767564005486,46.20160018920898
2024-01-25,194.1699981689453,157.75,71.98999786376953,493.3999938964844,54.27999877929688,194.0375500513805,162.0634016418457,151.77086833406125,144.64629196166993,78.93615645849411,103.7780997467041,530.664279357284,459.3913021850586,52.63967822073636,45.810466613769535
2024-01-26,192.4199981689453,159.1199951171875,73.0,503.2000122070313,54.75666809082031,194.1214883599048,161.80710250854492,151.76106223405296,141.56870231628417,78.93481610347763,104.47419960021972,530.8995648714867,464.16690032958985,52.64458887746723,45.55979972839356
2024-01-29,191.72999572753903,161.25999450683594,73.4800033569336,504.5400085449219,55.01333236694336,194.20542666842903,169.96340118408204,151.7512561340447,147.99881042480467,78.93347574846115,105.50800079345704,531.1348503856896,468.352299194336,52.6494995341981,46.48149974822998
2024-01-30,188.0399932861328,159.0,73.8499984741211,503.6099853515625,55.1966667175293,194.28936497695332,174.20010177612303,151.7414500340364,152.59402488708497,78.93213539344467,105.57060142517088,531.3701358998923,468.4714025878906,52.65441019092897,46.6435998916626
2024-01-31,184.3999938964844,155.1999969482422,74.37000274658203,511.739990234375,55.08333206176758,194.37330328547765,173.45810028076173,151.73164393402814,150.9497989654541,78.93079503842817,104.8344009399414,531.6054214140951,468.28490264892577,52.65932084765984,46.49026638031006
2024-02-01,186.8600006103516,159.27999877929688,73.91999816894531,507.1400146484375,56.10333251953125,194.45724159400197,173.31299591064453,151.72183783401988,149.47257080078126,78.92945468341169,106.66819961547851,531.8407069282979,476.7791998291016,52.66423150439071,46.84563362121582
2024-02-02,185.8500061035156,171.80999755859375,73.08999633789062,510.2300109863281,56.52333450317383,194.54117990252627,172.98619644165038,151.7120317340116,150.39935165405274,78.92811432839521,107.77969955444335,532.0759924425006,478.3674035644531,52.669142161121584,46.75273326873779
2024-02-05,187.67999267578125,170.30999755859375,72.44000244140625,502.9599914550781,56.220001220703125,194.62511821105056,175.50600006103517,151.70222563400333,159.38674285888672,78.92677397337873,107.75040130615234,532.3112779567034,489.6845043945313,52.674052817852456,46.57860012054444
2024-02-06,189.3000030517578,169.14999389648438,73.76000213623047,510.6700134277344,56.60333251953125,194.7090565195749,174.78870040893554,151.69241953399504,159.20902786254882,78.92543361836223,107.92370124816894,532.5465634709061,486.6239050292969,52.67896347458333,46.24980018615722
2024-02-07,189.41000366210935,170.52999877929688,76.05000305175781,519.3900146484375,56.459999084472656,194.79299482809915,174.69249954223633,151.68261343398677,157.9113394165039,78.92409326334575,107.84900115966796,532.7818489851089,488.76570495605466,52.6838741313142,46.01286708831787
2024-02-08,188.32000732421875,169.83999633789062,75.08000183105469,520.0900268554688,56.456668853759766,194.87693313662345,172.55109817504882,151.6728073339785,157.26239242553712,78.92275290832927,108.04300094604493,533.0171344993116,487.5279019165039,52.68878478804508,45.934933471679685
2024-02-09,188.8500061035156,174.4499969482422,76.31999969482422,518.219970703125,56.426666259765625,194.96087144514772,171.9488981628418,151.66300123397022,156.99790328979492,78.92141255331279,105.04499961853028,533.2524200135144,483.24400512695314,52.69369544477595,45.89356700897217
2024-02-12,187.1499938964844,172.33999633789062,77.29000091552734,517.6400146484375,56.76666641235352,195.04480975367204,171.1698020935059,151.65319513396196,156.8551960754395,78.9200721982963,105.22890007019043,533.4877055277171,476.0133004760742,52.69860610150682,45.07306758880616
2024-02-13,185.0399932861328,168.63999938964844,76.58999633789062,516.8499755859375,56.380001068115234,195.12874806219637,173.28459976196288,151.64338903395367,156.8124658203125,78.91873184327982,104.88459991455078,533.72299104192,476.28770446777344,52.70351675823769,45.04413425445557
2024-02-14,184.1499938964844,170.97999572753906,76.41000366210938,516.9400024414062,56.20000076293945,195.21268637072063,171.61549880981443,151.6335829339454,156.82552474975586,78.91739148826333,104.075400390625,533.9582765561227,477.1973034667969,52.70842741496856,44.94080024719239
2024-02-15,183.8600006103516,169.8000030517578,76.5999984741211,520.8800048828125,56.43000030517578,195.29662467924496,171.18269912719725,151.62377683393711,155.6992478942871,78.91605113324685,103.01600143432616,534.1935620703255,476.19990112304686,52.71333807169943,45.42773281097412
2024-02-16,182.30999755859372,169.50999450683594,77.0999984741211,521.5499877929688,56.78666687011719,195.38056298776925,169.95770111083985,151.61397073392885,154.74596405029297,78.91471077823036,103.3592000579834,534.4288475845283,476.6485961914062,52.718248728430304,45.60816589355469
2024-02-20,181.55999755859372,167.0800018310547,76.30999755859375,521.0599975585938,58.619998931884766,195.54843960481784,165.7556007385254,151.5943585339123,153.41384201049806,78.9120300681974,102.84389976501464,534.8994186129338,464.2891998291016,52.728070041892046,45.66086643218994
2024-02-21,182.32000732421875,168.58999633789062,77.1500015258789,521.969970703125,57.900001525878906,195.6323779133421,164.01910369873048,151.58455243390404,149.60630752563478,78.91068971318091,102.89219902038576,535.1347041271365,462.3459027099609,52.73298069862292,45.53436645507813
2024-02-22,184.3699951171875,174.5800018310547,77.0999984741211,526.5,58.470001220703125,195.71631622186644,163.55430374145507,151.57474633389575,149.96014923095703,78.90934935816442,102.19909889221192,535.3699896413393,462.2533041381836,52.73789135535379,45.35146663665771
2024-02-23,182.5200042724609,174.99000549316406,77.19999694824219,527.239990234375,58.52000045776367,195.80025453039076,163.1534051513672,151.56494023388748,149.0424443054199,78.90800900314794,102.3421984100342,535.605275155542,466.48130310058593,52.74280201208467,45.40716632843018
2024-02-26,181.16000366210935,174.72999572753906,76.43000030517578,525.3200073242188,59.59999847412109,195.88419283891503,161.5509002685547,151.55513413387922,149.10659637451172,78.90666864813146,103.9622006225586,535.8405606697448,466.3252966308594,52.74771266881554,45.18276668548584
2024-02-27,182.6300048828125,173.5399932861328,76.2699966430664,513.4199829101562,59.59000015258789,195.96813114743932,161.28270095825195,151.54532803387093,147.04841201782227,78.90532829311498,104.1347006225586,536.0758461839475,464.7836999511719,52.75262332554641,45.317266616821286
2024-02-28,181.4199981689453,173.16000366210938,75.19000244140625,498.2799987792969,59.619998931884766,196.05206945596365,166.33129943847655,151.53552193386267,149.27669982910157,78.90398793809848,104.52780059814454,536.3111316981503,469.5128979492188,52.75753398227728,45.40666664123536
2024-02-29,180.75,176.75999450683594,74.37000274658203,493.6000061035156,58.61000061035156,196.13600776448797,168.7630010986328,151.52571583385438,147.9229451751709,78.902647583082,104.22170028686524,536.5464172123532,468.8997994995117,52.76244463900815,45.91236694335937
2024-03-01,179.66000366210938,178.22000122070312,73.83999633789062,489.5299987792969,58.7599983215332,196.21994607301224,165.439697265625,151.51590973384612,151.42114624023438,78.90130722806552,103.98840194702149,536.7817027265559,488.4250970458984,52.76735529573902,45.83586673736572
2024-03-04,175.10000610351562,177.5800018310547,73.88999938964844,481.8699951171875,59.29999923706055,196.30388438153653,167.71359954833986,151.50610363383785,153.58197540283203,78.89996687304904,104.111600189209,537.0169882407587,485.3247979736328,52.77226595246989,46.81946556091309
2024-03-05,170.1199951171875,174.1199951171875,73.70999908447266,473.1499938964844,60.040000915527344,196.38782269006083,166.81099868774413,151.49629753382956,152.8412287902832,78.89862651803254,103.95890029907228,537.2522737549614,481.624794921875,52.777176609200765,46.64059906005859
2024-03-06,169.1199951171875,173.50999450683594,74.33999633789062,472.6000061035156,60.56999969482422,196.47176099858515,165.03899948120116,151.4864914338213,149.5913607788086,78.89728616301606,104.14579971313476,537.4875592691642,484.7338012695312,52.78208726593164,46.65076629638672
2024-03-07,169.0,176.82000732421875,74.30000305175781,478.7799987792969,60.36000061035156,196.55569930710945,162.6288996887207,151.476685333813,146.4372966003418,78.89594580799958,104.208800201416,537.7228447833669,487.8374990844727,52.78699792266251,46.8164331817627
2024-03-08,170.72999572753906,175.35000610351562,75.06999969482422,476.5700073242188,60.119998931884766,196.63963761563372,160.74909912109376,151.46687923380475,143.95005172729492,78.8946054529831,104.2109009552002,537.9581302975697,488.5302954101562,52.79190857939338,47.03353290557861
2024-03-11,172.75,171.9600067138672,75.94000244140625,489.1499938964844,60.65999984741211,196.72357592415804,155.9480987548828,151.45707313379648,144.70683959960937,78.8932650979666,104.05469924926756,538.1934158117724,485.2733044433594,52.79681923612426,47.28926578521728
2024-03-12,173.22999572753906,175.38999938964844,75.20999908447266,489.3500061035156,61.40999984741211,196.80751423268237,157.03439880371093,151.4472670337882,145.81454650878905,78.89192474295012,103.91730003356932,538.4287013259752,483.0735018920898,52.80172989285513,47.43556594848633
2024-03-13,171.1300048828125,176.55999755859375,75.08000183105469,488.0,61.27999877929688,196.89145254120663,158.94789901733398,151.43746093377993,147.20918716430663,78.89058438793364,104.54209991455076,538.6639868401779,487.7533038330078,52.806640549586,47.9028999710083
2024-03-14,173.0,178.75,76.41999816894531,489.0,61.02000045776367,196.97539084973093,159.01169692993165,151.42765483377164,148.67978713989257,78.88924403291716,105.288999710083,538.8992723543807,491.523703918457,52.81155120631687,48.188233337402345
2024-03-15,172.6199951171875,174.4199981689453,77.4000015258789,490.8200073242188,60.68000030517578,197.0593291582552,158.86599639892577,151.41784873376338,151.68216247558593,78.88790367790067,106.5557007598877,539.1345578685836,496.4822024536133,52.81646186304774,48.30986667633056
2024-03-18,173.72000122070312,174.47999572753906,77.56999969482422,487.0499877929688,60.86000061035156,197.14326746677952,161.4197004699707,151.4080426337551,154.60289596557618,78.88656332288419,107.1909008026123,539.3698433827863,505.3680001831055,52.82137251977861,48.28193389892578
2024-03-19,176.0800018310547,175.89999389648438,78.05999755859375,493.3200073242188,60.869998931884766,197.22720577530384,165.38320129394532,151.39823653374685,158.2541911315918,78.8852229678677,107.04320152282716,539.6051288969891,506.43299987792966,52.826283176509484,48.30406723022461
2024-03-20,178.6699981689453,178.14999389648438,78.9800033569336,494.2300109863281,61.25,197.3111440838281,165.98270141601563,151.38843043373856,159.8077670288086,78.88388261285122,106.9827003479004,539.8404144111918,508.2993002319336,52.83119383324036,48.14710021972656
2024-03-21,171.3699951171875,178.14999389648438,78.2699966430664,491.6900024414063,61.45000076293945,197.39508239235244,166.3654019165039,151.37862433373027,160.30453857421875,78.88254225783473,107.375001373291,540.0756999253946,507.2167010498047,52.83610448997123,47.92063343048096
2024-03-22,172.27999877929688,178.8699951171875,78.4800033569336,490.0700073242188,60.869998931884766,197.47902070087676,167.0992008972168,151.368818233722,158.93967346191403,78.88120190281825,107.25710098266602,540.3109854395973,505.7931045532226,52.8410151467021,47.886766624450686
2024-03-25,170.85000610351562,179.7100067138672,78.9800033569336,485.8800048828125,60.56999969482422,197.56295900940103,167.878204498291,151.35901213371372,158.44065567016602,78.87986154780177,107.038800201416,540.5462709538001,512.1998165893555,52.84592580343297,47.744466896057126
2024-03-26,169.7100067138672,178.3000030517578,79.31999969482422,492.30999755859375,60.5099983215332,197.6468973179253,165.41630447387695,151.34920603370546,155.0993672180176,78.87852119278529,106.82330024719238,540.7815564680028,512.5390167236328,52.85083646016384,47.770700187683104
2024-03-27,173.30999755859375,179.8300018310547,79.43000030517578,493.1000061035156,60.720001220703125,197.7308356264496,164.9117057800293,151.3393999336972,151.53059700012207,78.87718083776879,106.3992000579834,541.0168419822056,514.3255139160157,52.85574711689472,48.15063369750977
2024-03-28,171.47999572753906,180.3800048828125,79.76000213623047,494.7000122070313,60.16999816894531,197.8147739349739,171.29090286254882,151.3295938336889,157.28612770080565,78.87584048275231,106.19360046386718,541.2521274964083,512.7907162475586,52.86065777362559,48.61526741027832
2024-04-01,170.02999877929688,180.97000122070312,79.55999755859375,489.7000122070313,60.0,197.98265055202253,175.6082000732422,151.30998163367235,162.49482177734376,78.87315977271935,100.40689895629885,541.722698524814,512.8782037353516,52.87047908708733,50.48333408355713
2024-04-02,168.83999633789062,180.69000244140625,73.81999969482422,458.1400146484375,59.15999984741211,198.06658886054683,174.17579879760743,151.3001755336641,160.62933715820313,78.87181941770285,100.39729888916015,541.9579840390167,513.4974053955078,52.87538974381821,50.49290077209473
2024-04-03,169.64999389648438,182.41000366210935,74.5999984741211,459.739990234375,59.43000030517578,198.15052716907115,173.59739837646484,151.29036943365583,158.66343292236328,78.87047906268637,100.82969886779784,542.1932695532195,513.9371997070313,52.88030040054908,50.62590114593506
2024-04-04,168.82000732421875,180.0,73.9000015258789,455.3800048828125,59.5,198.23446547759545,173.13029876708984,151.28056333364754,160.40373291015624,78.86913870766989,101.18979835510254,542.4285550674222,514.8476095581054,52.885211057279946,50.620333976745606
2024-04-05,169.5800018310547,185.07000732421875,74.58000183105469,455.739990234375,59.84999847412109,198.3184037861197,173.21909866333007,151.27075723363927,158.86598281860353,78.86779835265341,101.17089828491213,542.663840581625,518.6745123291016,52.89012171401082,50.67760097503662
2024-04-08,168.4499969482422,185.19000244140625,74.44000244140625,456.0,59.77999877929688,198.402342094644,168.2993002319336,151.26095113363098,151.77582244873048,78.86645799763691,103.61319869995116,542.8991260958277,533.3011071777344,52.89503237074169,51.49526714324952
2024-04-09,169.6699981689453,185.6699981689453,73.36000061035156,459.7200012207031,59.790000915527344,198.4862804031683,167.96350036621095,151.25114503362272,151.58354385375978,78.86511764262043,103.975099029541,543.1344116100305,534.8135083007812,52.89994302747256,51.55046714782715
2024-04-10,167.77999877929688,185.9499969482422,71.1500015258789,450.0499877929688,60.619998931884766,198.57021871169263,168.13189849853515,151.24133893361446,151.87886535644532,78.86377728760395,104.68800033569336,543.3696971242332,536.0655072021484,52.90485368420343,51.89133365631103
2024-04-11,175.0399932861328,189.0500030517578,69.73999786376953,441.7200012207031,60.09000015258789,198.65415702021693,167.49129684448243,151.23153283360617,152.4788703918457,78.86243693258747,104.32670051574706,543.604982638436,536.3367071533203,52.9097643409343,52.0678670501709
2024-04-12,176.5500030517578,186.1300048828125,68.63999938964844,439.2000122070313,60.13999938964844,198.7380953287412,166.79689682006835,151.2217267335979,152.86391021728517,78.86109657757099,105.25380073547365,543.8402681526388,539.2326159667969,52.91467499766518,52.0023673248291
2024-04-15,172.69000244140625,183.6199951171875,68.95999908447266,445.6300048828125,59.93000030517578,198.82203363726552,163.40380004882812,151.2119206335896,151.30497146606444,78.8597562225545,103.9914991760254,544.0755536668415,533.3417141723633,52.91958565439605,51.82119983673096
2024-04-16,169.3800048828125,183.32000732421875,69.02999877929688,468.8900146484375,59.84000015258789,198.90597194578984,164.48209884643555,151.20211453358135,152.3918016052246,78.85841586753801,103.9496997833252,544.3108391810443,533.3670153808594,52.92449631112692,52.06503299713135
2024-04-17,168.0,181.27999877929688,68.5999984741211,478.989990234375,59.650001525878906,198.9899102543141,165.49029724121092,151.19230843357306,153.5123356628418,78.85707551252153,104.49130027770995,544.546124695247,535.2233096313477,52.929406967857794,52.40053287506103
2024-04-18,167.0399932861328,179.22000122070312,69.38999938964844,493.1799926757813,59.2599983215332,199.0738485628384,165.76699798583985,151.1825023335648,153.37448608398438,78.85573515750505,104.47310005187988,544.7814102094499,536.3469076538086,52.934317624588665,52.75193340301514
2024-04-19,165.0,174.6300048828125,69.75,501.1300048828125,59.52999877929688,199.1577868713627,165.20869674682618,151.17269623355654,154.89397552490234,78.85439480248856,105.29310028076172,545.0166957236526,540.1955139160157,52.93922828131954,52.54276668548584
2024-04-22,165.83999633789062,177.22999572753906,69.62999725341797,491.2300109863281,60.13999938964844,199.24172517988703,164.0639031982422,151.16289013354825,151.85596435546876,78.85305444747208,102.95599899291992,545.2519812378554,527.2646124267578,52.94413893805041,52.324165725708006
2024-04-23,166.89999389648438,179.5399932861328,68.5,486.1799926757813,59.09000015258789,199.3256634884113,165.13600189208984,151.15308403353998,150.93077926635743,78.8517140924556,102.69689903259275,545.4872667520581,525.1856140136719,52.94904959478128,52.30993259429932
2024-04-24,169.02000427246094,176.58999633789062,67.7699966430664,487.2999877929688,59.869998931884766,199.4096017969356,166.285704498291,151.1432779335317,150.7557894897461,78.85037373743911,101.86949821472167,545.7225522662609,520.7135150146485,52.95396025151215,52.382566108703614
2024-04-25,169.88999938964844,173.6699981689453,67.33000183105469,493.8599853515625,60.209999084472656,199.4935401054599,165.58060134887694,151.13347183352343,148.63404762268067,78.84903338242262,101.72609909057616,545.9578377804637,521.43060546875,52.95887090824302,52.21769989013672
2024-04-26,169.3000030517578,179.6199951171875,67.18000030517578,495.3500061035156,60.15999984741211,199.5774784139842,160.67390090942382,151.12366573351517,140.08020690917968,78.84769302740614,101.4161994934082,546.1931232946664,517.5745037841797,52.96378156497389,51.75796653747559
2024-04-29,173.5,180.9600067138672,67.44999694824219,489.0299987792969,60.2400016784668,199.6614167225085,165.87220123291016,151.11385963350688,145.40163078308106,78.84635267238966,98.64359802246094,546.4284088088692,514.8100006103516,52.96869222170477,51.49856624603272
2024-04-30,170.3300018310547,175.0,67.70999908447266,483.7000122070313,59.34999847412109,199.7453550310328,170.18260208129882,151.1040535334986,148.52183517456055,78.84501231737318,98.7582982635498,546.6636943230719,513.972900390625,52.97360287843564,51.483132972717286
2024-05-01,169.3000030517578,179.0,56.310001373291016,484.1099853515625,58.84999847412109,199.8292933395571,160.6003025817871,151.09424743349032,122.706068649292,78.84367196235668,97.04020164489746,546.8989798372747,500.77989471435546,52.97851353516651,51.08370021820068
2024-05-02,173.02999877929688,184.72000122070312,55.150001525878906,492.9700012207031,59.709999084472656,199.91323164808145,159.72600341796874,151.08444133348206,122.8263047027588,78.8423316073402,97.03450172424316,547.1342653514774,499.0928979492188,52.983424191897385,50.96530025482178
2024-05-03,183.3800048828125,186.2100067138672,55.900001525878906,492.4500122070313,59.81999969482422,199.9971699566057,159.40660095214844,151.0746352334738,120.67455879211424,78.84099125232372,97.19870223999024,547.3695508656803,497.7061944580078,52.988334848628256,50.87753345489502
2024-05-06,181.7100067138672,188.6999969482422,55.970001220703125,494.3800048828125,59.869998931884766,200.08110826513,155.9303001403809,151.0648291334655,121.27551483154296,78.83965089730724,99.0089015197754,547.6048363798831,498.63509643554687,52.99324550535913,50.4238005065918
2024-05-07,182.3999938964844,188.75999450683597,55.7400016784668,500.9599914550781,60.619998931884766,200.1650465736543,155.6036993408203,151.05502303345725,120.9421746826172,78.83831054229074,99.06760162353515,547.8401218940858,498.1464971923828,52.99815616209,50.37410007476807
2024-05-08,182.7400054931641,188.0,54.90999984741211,503.2099914550781,60.29999923706055,200.2489848821786,154.3246989440918,151.04521693344896,119.16556449890136,78.83697018727426,98.58490119934082,548.0754074082886,496.4016989135742,53.00306681882087,50.22280017852784
2024-05-09,184.57000732421875,189.5,55.68000030517578,507.0299987792969,60.43999862670898,200.3329231907029,152.3091990661621,151.0354108334407,113.198755569458,78.83562983225778,98.23190071105957,548.3106929224913,488.63589965820313,53.00797747555174,49.98566680908203
2024-05-10,183.0500030517578,187.47999572753903,55.81999969482422,512.8099975585938,60.47999954223633,200.4168614992272,150.6911979675293,151.0256047334324,110.78836067199708,78.8342894772413,98.34870223999025,548.5459784366941,486.4633001708984,53.01288813228261,49.73559967041015
2024-05-13,186.27999877929688,186.57000732421875,56.470001220703125,511.739990234375,60.40999984741211,200.5007998077515,146.54309860229492,151.01579863342414,107.34489456176756,78.8329491222248,98.29910179138184,548.7812639508968,485.2892010498047,53.01779878901348,49.53959926605225
2024-05-14,187.42999267578125,187.07000732421875,56.0,513.8800048828125,59.86000061035156,200.58473811627584,145.99689895629882,151.00599253341588,106.66575401306152,78.83160876720832,98.44780082702636,549.0165494650996,484.6509997558594,53.022709445744354,49.23003231048584
2024-05-15,189.72000122070312,185.9900054931641,56.2599983215332,517.5499877929688,59.83000183105469,200.6686764248001,144.86259887695311,150.9961864334076,107.61390907287596,78.83026841219184,98.16890029907226,549.2518349793024,478.6254992675781,53.02762010247523,48.4153657913208
2024-05-16,189.83999633789065,183.6300048828125,57.52000045776367,521.27001953125,64.01000213623047,200.7526147333244,143.56970001220702,150.98638033339932,107.24938591003418,78.82892805717536,97.65400016784668,549.4871204935051,480.17839385986326,53.0325307592061,46.31049915313721
2024-05-17,189.8699951171875,184.6999969482422,57.68000030517578,524.6300048828125,64.6500015258789,200.8365530418487,144.75460205078124,150.97657423339103,108.75578651428222,78.82758770215887,97.85070045471193,549.722406007708,482.01460021972656,53.037441415936975,43.56849956512451
2024-05-20,191.0399932861328,183.5399932861328,57.400001525878906,517.22998046875,64.18000030517578,200.920491350373,141.7160029602051,150.96676813338277,108.61188507080078,78.82624734714238,94.78319915771483,549.9576915219106,485.68739990234377,53.042352072667846,41.1276342010498
2024-05-21,192.3500061035156,183.1499938964844,57.31999969482422,523.5499877929688,65.1500015258789,201.0044296588973,141.0278034973145,150.9569620333745,107.689375,78.8249069921259,94.71799911499023,550.1929770361135,485.71919921875,53.04726272939872,40.98340091705322
2024-05-22,190.8999938964844,183.1300048828125,57.43999862670898,521.3499755859375,65.25,201.0883679674216,140.65240203857422,150.94715593336622,107.7240753173828,78.82356663710942,95.49619987487792,550.4282625503162,485.0262973022461,53.05217338612959,40.887134056091305
2024-05-23,186.8800048828125,181.0500030517578,55.650001525878906,516.8300170898438,64.83999633789062,201.17230627594589,139.96550186157228,150.93734983335796,109.30937568664552,78.82222628209293,96.27220092773436,550.663548064519,495.31869720458985,53.05708404286046,40.54409980773926
2024-05-24,189.97999572753903,180.75,55.540000915527344,508.1700134277344,65.37999725341797,201.2562445844702,140.57519958496093,150.9275437333497,112.74119995117188,78.82088592707645,96.83560111999512,550.8988335787217,497.09060455322265,53.06199469959133,40.73796669006347
2024-05-28,189.9900054931641,182.1499938964844,53.630001068115234,503.6799926757813,65.04000091552734,201.4241212015188,146.74049896240234,150.90793153333314,108.10113525390624,78.81820521704348,97.04280044555664,551.3694046071273,503.3426986694336,53.07181601305307,42.505400390625
2024-05-29,190.2899932861328,182.0200042724609,53.66999816894531,484.7200012207031,64.91999816894531,201.5080595100431,146.8104989624023,150.89812543332485,109.27126007080078,78.81686486202699,97.1311013031006,551.60469012133,506.47320739746095,53.076726669783945,42.41403373718262
2024-05-30,191.2899932861328,179.32000732421875,56.040000915527344,481.6499938964844,64.88999938964844,201.5919978185674,146.62509887695313,150.8883193333166,110.19525451660157,78.81552450701051,97.5090023803711,551.8399756355328,507.2355047607422,53.08163732651482,42.38510040283203
2024-05-31,192.25,176.44000244140625,59.59999847412109,495.3699951171875,65.76000213623047,201.6759361270917,147.61389831542968,150.8785132333083,117.62559616088868,78.81418415199403,97.6050025177002,552.0752611497355,505.203200378418,53.086547983245694,42.35466724395752
2024-06-03,194.02999877929688,178.33999633789062,60.209999084472656,497.4400024414063,65.81999969482422,201.759874435616,148.1723030090332,150.86870713330003,124.35762062072754,78.81284379697755,95.69060089111328,552.3105466639383,493.4699957275391,53.091458639976565,41.82533340454101
2024-06-04,194.3500061035156,179.33999633789062,60.2599983215332,505.489990234375,66.5999984741211,201.84381274414028,148.48400405883788,150.85890103329177,124.26239059448244,78.81150344196105,95.6287006378174,552.545832178141,493.95689666748046,53.09636929670744,41.79476676940918
2024-06-05,195.8699951171875,181.27999877929688,60.70000076293945,503.1199951171875,67.08999633789062,201.9277510526646,148.0200036621094,150.84909493328348,122.2345344543457,78.81016308694457,95.2510001373291,552.7811176923439,493.3121969604492,53.10127995343831,41.71026638031006
2024-06-06,194.47999572753903,185.0,60.93999862670898,501.9200134277344,67.1500015258789,202.0116893611889,147.53510391235352,150.83928883327522,120.78765480041504,78.80882273192809,95.15410057067872,553.0164032065466,492.369497680664,53.10619061016918,41.52710010528565
2024-06-07,196.88999938964844,184.3000030517578,61.77999877929688,490.6900024414063,65.87999725341797,202.0956276697132,146.80270431518554,150.82948273326693,119.24234939575196,78.80748237691161,94.9260001373291,553.2516887207494,489.7413946533203,53.11110126690005,41.1891667175293
2024-06-10,193.1199951171875,187.05999755859372,60.27999877929688,495.0,66.95999908447266,202.1795659782375,140.79300216674804,150.81967663325867,108.31131019592286,78.80614202189511,93.36349853515624,553.4869742349522,485.6089041137696,53.11601192363092,40.52179969787598
2024-06-11,207.1499938964844,187.22999572753903,60.0,496.2200012207031,66.7300033569336,202.2635042867618,139.55750198364257,150.8098705332504,105.07045928955078,78.80480166687863,93.09929870605468,553.7222597491549,484.4619021606445,53.12092258036179,40.40543300628662
2024-06-12,213.07000732421875,186.88999938964844,59.9900016784668,493.0700073242188,66.30999755859375,202.34744259528608,136.02789916992188,150.8000644332421,105.76929908752442,78.80346131186215,92.0890983581543,553.9575452633577,472.272399597168,53.12583323709266,40.03013252258301
2024-06-13,214.2400054931641,183.8300018310547,61.02999877929688,497.2999877929688,66.69999694824219,202.4313809038104,133.67639755249024,150.79025833323385,105.96144973754885,78.80212095684567,90.88629837036132,554.1928307775604,467.5077996826172,53.130743893823535,40.02700008392334
2024-06-14,212.4900054931641,183.66000366210935,60.220001220703125,497.1199951171875,67.0199966430664,202.51531921233467,133.31819732666017,150.78045223322556,108.9348105621338,78.80078060182917,90.17090072631837,554.4281162917632,463.1230966186524,53.13565455055441,39.89949993133545
2024-06-17,216.6699981689453,184.05999755859372,61.09000015258789,489.2300109863281,67.41999816894531,202.599257520859,133.63799774169922,150.7706461332173,110.00850517272949,78.7994402468127,91.0015998840332,554.6634018059659,465.2587991333008,53.140565207285285,39.99779983520508
2024-06-18,214.2899932861328,182.80999755859372,61.0099983215332,481.0499877929688,67.5999984741211,202.6831958293833,133.9360971069336,150.760840033209,109.38817489624024,78.79809989179621,91.1157009124756,554.8986873201687,464.9004989624024,53.14547586401616,39.99726634979248
2024-06-20,209.67999267578125,186.1000061035156,61.0,484.5199890136719,68.01000213623047,202.85107244643189,134.93790008544923,150.74122783319248,108.48053077697756,78.79541918176324,90.79030044555664,555.3692583485742,478.52010009765627,53.1552971774779,40.53819999694824
2024-06-21,207.4900054931641,189.0800018310547,61.369998931884766,482.5899963378906,67.91000366210938,202.93501075495615,135.71840057373046,150.7314217331842,109.5581061553955,78.79407882674676,90.16980171203612,555.6045438627771,477.4254010009765,53.16020783420877,40.52136680603027
2024-06-24,208.13999938964844,185.57000732421875,61.72999954223633,489.9800109863281,68.9000015258789,203.01894906348048,139.85660247802736,150.72161563317593,109.9410150909424,78.79273847173027,93.4872999572754,555.8398293769798,497.07829681396487,53.16511849093964,41.07220027923584
2024-06-25,209.07000732421875,186.33999633789065,60.43999862670898,484.5,67.41999816894531,203.1028873720048,139.27950256347657,150.71180953316764,108.50816520690918,78.7913981167138,93.56919937133787,556.0751148911826,499.1645004272461,53.17002914767051,41.04166732788086
