Date,Ticker,Forecast
2024-01-01,WMT,47.90906681060791
2024-01-01,AMZN,164.96523223876954
2024-01-01,AAPL,178.3089971923828
2024-01-01,CVS,104.552201461792
2024-01-01,UNH,483.09370025634763
2024-01-02,WMT,47.632965927124026
2024-01-02,AMZN,163.9263639831543
2024-01-02,AAPL,177.34359756469726
2024-01-02,CVS,104.89540069580079
2024-01-02,UNH,482.33669921875
2024-01-03,WMT,47.67576560974121
2024-01-03,AMZN,162.04116470336913
2024-01-03,AAPL,176.93269638061523
2024-01-03,CVS,105.46800071716308
2024-01-03,UNH,491.23789764404296
2024-01-04,WMT,47.79459964752197
2024-01-04,AMZN,163.9234553527832
2024-01-04,AAPL,173.46139755249024
2024-01-04,CVS,104.9324993133545
2024-01-04,UNH,485.50049560546876
2024-01-05,WMT,48.003965835571286
2024-01-05,AMZN,162.42328414916992
2024-01-05,AAPL,173.08489868164062
2024-01-05,CVS,105.0171989440918
2024-01-05,UNH,476.64650268554686
2024-01-06,WMT,48.054365997314456
2024-01-06,AMZN,162.0855990600586
2024-01-06,AAPL,172.4698992919922
2024-01-06,CVS,104.00669906616211
2024-01-06,UNH,467.14860168457034
2024-01-07,WMT,48.15806564331055
2024-01-07,AMZN,161.68989532470704
2024-01-07,AAPL,172.1137989807129
2024-01-07,CVS,104.33090087890625
2024-01-07,UNH,465.8971029663086
2024-01-08,WMT,48.022833824157715
2024-01-08,AMZN,159.53799133300782
2024-01-08,AAPL,172.8786015319824
2024-01-08,CVS,105.92480026245117
2024-01-08,UNH,482.07710235595704
2024-01-09,WMT,47.961132774353025
2024-01-09,AMZN,161.5310221862793
2024-01-09,AAPL,174.87520065307618
2024-01-09,CVS,105.61790008544922
2024-01-09,UNH,483.5625018310547
2024-01-10,WMT,47.91106552124023
2024-01-10,AMZN,162.8662730407715
2024-01-10,AAPL,174.81799926757813
2024-01-10,CVS,105.40619934082031
2024-01-10,UNH,475.1560006713867
2024-01-11,WMT,48.08540027618408
2024-01-11,AMZN,162.4938801574707
2024-01-11,AAPL,172.15980056762695
2024-01-11,CVS,105.2312986755371
2024-01-11,UNH,470.4104977416992
2024-01-12,WMT,48.18916599273682
2024-01-12,AMZN,161.19833602905274
2024-01-12,AAPL,171.65510101318358
2024-01-12,CVS,105.17209953308105
2024-01-12,UNH,467.9425009155273
2024-01-13,WMT,48.266133041381835
2024-01-13,AMZN,160.41975692749023
2024-01-13,AAPL,171.6728025817871
2024-01-13,CVS,105.33039916992188
2024-01-13,UNH,467.6133001708984
2024-01-14,WMT,48.16979957580566
2024-01-14,AMZN,159.90104629516603
2024-01-14,AAPL,171.16410385131837
2024-01-14,CVS,104.89060005187989
2024-01-14,UNH,467.7380010986328
2024-01-15,WMT,47.74873428344726
2024-01-15,AMZN,158.84674926757813
2024-01-15,AAPL,170.09220169067382
2024-01-15,CVS,104.41980056762695
2024-01-15,UNH,469.65480041503906
2024-01-16,WMT,47.57356731414795
2024-01-16,AMZN,159.95221267700197
2024-01-16,AAPL,171.23589950561524
2024-01-16,CVS,104.58920127868652
2024-01-16,UNH,470.5400994873047
2024-01-17,WMT,47.72250030517578
2024-01-17,AMZN,157.44410583496094
2024-01-17,AAPL,169.52090209960937
2024-01-17,CVS,104.26030029296875
2024-01-17,UNH,467.49829467773435
2024-01-18,WMT,47.75423400878906
2024-01-18,AMZN,156.79278213500976
2024-01-18,AAPL,168.27720153808593
2024-01-18,CVS,102.96890045166016
2024-01-18,UNH,462.23339416503904
2024-01-19,WMT,47.79386661529541
2024-01-19,AMZN,155.17617797851562
2024-01-19,AAPL,166.54609939575195
2024-01-19,CVS,102.72509895324707
2024-01-19,UNH,463.60000396728515
2024-01-20,WMT,47.25276672363281
2024-01-20,AMZN,150.9308381652832
2024-01-20,AAPL,164.54679916381835
2024-01-20,CVS,102.43069854736328
2024-01-20,UNH,463.6184063720703
2024-01-21,WMT,46.98376647949219
2024-01-21,AMZN,146.59759704589842
2024-01-21,AAPL,163.4300016784668
2024-01-21,CVS,102.51719833374024
2024-01-21,UNH,463.43540771484373
2024-01-22,WMT,46.87010021209717
2024-01-22,AMZN,148.00869689941408
2024-01-22,AAPL,163.17500076293945
2024-01-22,CVS,103.44960083007813
2024-01-22,UNH,463.4859957885742
2024-01-23,WMT,46.53300022125244
2024-01-23,AMZN,146.2847805786133
2024-01-23,AAPL,161.44470153808595
2024-01-23,CVS,103.38030044555664
2024-01-23,UNH,461.02149383544923
2024-01-24,WMT,46.20160018920898
2024-01-24,AMZN,145.70933029174805
2024-01-24,AAPL,161.52460159301756
2024-01-24,CVS,103.45569976806641
2024-01-24,UNH,459.9063961791992
2024-01-25,WMT,45.810466613769535
2024-01-25,AMZN,144.64629196166993
2024-01-25,AAPL,162.0634016418457
2024-01-25,CVS,103.7780997467041
2024-01-25,UNH,459.3913021850586
2024-01-26,WMT,45.55979972839356
2024-01-26,AMZN,141.56870231628417
2024-01-26,AAPL,161.80710250854492
2024-01-26,CVS,104.47419960021972
2024-01-26,UNH,464.16690032958985
2024-01-27,WMT,45.603066215515135
2024-01-27,AMZN,141.48292274475097
2024-01-27,AAPL,161.67390228271483
2024-01-27,CVS,106.57649871826172
2024-01-27,UNH,464.5689013671875
2024-01-28,WMT,45.89523326873779
2024-01-28,AMZN,143.76110260009764
2024-01-28,AAPL,167.41760147094726
2024-01-28,CVS,107.22589805603027
2024-01-28,UNH,466.8898986816406
2024-01-29,WMT,46.48149974822998
2024-01-29,AMZN,147.99881042480467
2024-01-29,AAPL,169.96340118408204
2024-01-29,CVS,105.50800079345703
2024-01-29,UNH,468.35229919433596
2024-01-30,WMT,46.643599891662596
2024-01-30,AMZN,152.59402488708497
2024-01-30,AAPL,174.20010177612303
2024-01-30,CVS,105.57060142517089
2024-01-30,UNH,468.4714025878906
2024-01-31,WMT,46.49026638031006
2024-01-31,AMZN,150.9497989654541
2024-01-31,AAPL,173.45810028076173
2024-01-31,CVS,104.8344009399414
2024-01-31,UNH,468.28490264892577
2024-02-01,WMT,46.84563362121582
2024-02-01,AMZN,149.47257080078126
2024-02-01,AAPL,173.31299591064453
2024-02-01,CVS,106.66819961547851
2024-02-01,UNH,476.7791998291016
2024-02-02,WMT,46.75273326873779
2024-02-02,AMZN,150.39935165405274
2024-02-02,AAPL,172.98619644165038
2024-02-02,CVS,107.77969955444335
2024-02-02,UNH,478.3674035644531
2024-02-03,WMT,46.77743293762207
2024-02-03,AMZN,145.84883224487305
2024-02-03,AAPL,172.79949630737303
2024-02-03,CVS,108.16769989013672
2024-02-03,UNH,482.4668029785156
2024-02-04,WMT,46.5861661529541
2024-02-04,AMZN,154.59112319946288
2024-02-04,AAPL,172.31379837036133
2024-02-04,CVS,107.96209869384765
2024-02-04,UNH,482.155107421875
2024-02-05,WMT,46.578600120544436
2024-02-05,AMZN,159.38674285888672
2024-02-05,AAPL,175.50600006103517
2024-02-05,CVS,107.75040130615234
2024-02-05,UNH,489.68450439453125
2024-02-06,WMT,46.24980018615722
2024-02-06,AMZN,159.20902786254882
2024-02-06,AAPL,174.78870040893554
2024-02-06,CVS,107.92370124816894
2024-02-06,UNH,486.62390502929685
2024-02-07,WMT,46.01286708831787
2024-02-07,AMZN,157.9113394165039
2024-02-07,AAPL,174.69249954223633
2024-02-07,CVS,107.84900115966796
2024-02-07,UNH,488.76570495605466
2024-02-08,WMT,45.934933471679685
2024-02-08,AMZN,157.26239242553712
2024-02-08,AAPL,172.55109817504882
2024-02-08,CVS,108.04300094604493
2024-02-08,UNH,487.5279019165039
2024-02-09,WMT,45.89356700897217
2024-02-09,AMZN,156.99790328979492
2024-02-09,AAPL,171.9488981628418
2024-02-09,CVS,105.04499961853027
2024-02-09,UNH,483.24400512695314
2024-02-10,WMT,45.50623378753662
2024-02-10,AMZN,156.7336930847168
2024-02-10,AAPL,170.89989791870119
2024-02-10,CVS,104.71659912109375
2024-02-10,UNH,480.890803527832
2024-02-11,WMT,45.360000419616696
2024-02-11,AMZN,154.8869256591797
2024-02-11,AAPL,169.9437991333008
2024-02-11,CVS,104.60609878540039
2024-02-11,UNH,478.20570404052734
2024-02-12,WMT,45.073067588806154
2024-02-12,AMZN,156.85519607543947
2024-02-12,AAPL,171.16980209350587
2024-02-12,CVS,105.22890007019043
2024-02-12,UNH,476.0133004760742
2024-02-13,WMT,45.044134254455564
2024-02-13,AMZN,156.8124658203125
2024-02-13,AAPL,173.28459976196288
2024-02-13,CVS,104.88459991455078
2024-02-13,UNH,476.28770446777344
2024-02-14,WMT,44.940800247192385
2024-02-14,AMZN,156.82552474975586
2024-02-14,AAPL,171.61549880981445
2024-02-14,CVS,104.075400390625
2024-02-14,UNH,477.1973034667969
2024-02-15,WMT,45.42773281097412
2024-02-15,AMZN,155.6992478942871
2024-02-15,AAPL,171.18269912719725
2024-02-15,CVS,103.01600143432617
2024-02-15,UNH,476.19990112304686
2024-02-16,WMT,45.608165893554684
2024-02-16,AMZN,154.74596405029297
2024-02-16,AAPL,169.95770111083985
2024-02-16,CVS,103.3592000579834
2024-02-16,UNH,476.6485961914062
2024-02-17,WMT,45.98586547851563
2024-02-17,AMZN,154.3218588256836
2024-02-17,AAPL,168.28430252075196
2024-02-17,CVS,102.97189971923828
2024-02-17,UNH,471.2376965332031
2024-02-18,WMT,45.947165718078615
2024-02-18,AMZN,153.92166488647462
2024-02-18,AAPL,167.57610244750975
2024-02-18,CVS,102.57939918518066
2024-02-18,UNH,468.0338980102539
2024-02-19,WMT,45.40806632995606
2024-02-19,AMZN,154.45874954223632
2024-02-19,AAPL,167.09120025634766
2024-02-19,CVS,103.31770050048829
2024-02-19,UNH,466.34569763183595
2024-02-20,WMT,45.66086643218994
2024-02-20,AMZN,153.41384201049806
2024-02-20,AAPL,165.7556007385254
2024-02-20,CVS,102.84389976501465
2024-02-20,UNH,464.28919982910156
2024-02-21,WMT,45.53436645507813
2024-02-21,AMZN,149.60630752563478
2024-02-21,AAPL,164.01910369873048
2024-02-21,CVS,102.89219902038575
2024-02-21,UNH,462.3459027099609
2024-02-22,WMT,45.35146663665771
2024-02-22,AMZN,149.96014923095703
2024-02-22,AAPL,163.55430374145507
2024-02-22,CVS,102.19909889221191
2024-02-22,UNH,462.2533041381836
2024-02-23,WMT,45.40716632843018
2024-02-23,AMZN,149.04244430541993
2024-02-23,AAPL,163.1534051513672
2024-02-23,CVS,102.34219841003419
2024-02-23,UNH,466.48130310058593
2024-02-24,WMT,45.30253303527832
2024-02-24,AMZN,152.1614505004883
2024-02-24,AAPL,163.92660522460938
2024-02-24,CVS,102.31829856872558
2024-02-24,UNH,466.6119049072266
2024-02-25,WMT,45.397566108703614
2024-02-25,AMZN,152.41303344726563
2024-02-25,AAPL,164.2311050415039
2024-02-25,CVS,103.86910079956054
2024-02-25,UNH,469.6923025512695
2024-02-26,WMT,45.18276668548584
2024-02-26,AMZN,149.10659637451172
2024-02-26,AAPL,161.5509002685547
2024-02-26,CVS,103.9622006225586
2024-02-26,UNH,466.3252966308594
2024-02-27,WMT,45.317266616821286
2024-02-27,AMZN,147.04841201782227
2024-02-27,AAPL,161.28270095825195
2024-02-27,CVS,104.1347006225586
2024-02-27,UNH,464.78369995117185
2024-02-28,WMT,45.406666641235354
2024-02-28,AMZN,149.27669982910157
2024-02-28,AAPL,166.33129943847655
2024-02-28,CVS,104.52780059814454
2024-02-28,UNH,469.51289794921877
2024-02-29,WMT,45.91236694335937
2024-02-29,AMZN,147.9229451751709
2024-02-29,AAPL,168.7630010986328
2024-02-29,CVS,104.22170028686523
2024-02-29,UNH,468.89979949951174
2024-03-01,WMT,45.83586673736572
2024-03-01,AMZN,151.42114624023438
2024-03-01,AAPL,165.439697265625
2024-03-01,CVS,103.98840194702149
2024-03-01,UNH,488.42509704589844
2024-03-02,WMT,45.866566276550294
2024-03-02,AMZN,150.63832778930663
2024-03-02,AAPL,165.88279724121094
2024-03-02,CVS,104.68230163574219
2024-03-02,UNH,490.67299682617187
2024-03-03,WMT,46.540266456604
2024-03-03,AMZN,147.28597244262696
2024-03-03,AAPL,165.7335969543457
2024-03-03,CVS,105.09970161437988
2024-03-03,UNH,492.09149566650393
2024-03-04,WMT,46.81946556091309
2024-03-04,AMZN,153.58197540283203
2024-03-04,AAPL,167.71359954833986
2024-03-04,CVS,104.11160018920899
2024-03-04,UNH,485.3247979736328
2024-03-05,WMT,46.64059906005859
2024-03-05,AMZN,152.8412287902832
2024-03-05,AAPL,166.81099868774413
2024-03-05,CVS,103.95890029907227
2024-03-05,UNH,481.624794921875
2024-03-06,WMT,46.65076629638672
2024-03-06,AMZN,149.5913607788086
2024-03-06,AAPL,165.03899948120116
2024-03-06,CVS,104.14579971313476
2024-03-06,UNH,484.7338012695312
2024-03-07,WMT,46.8164331817627
2024-03-07,AMZN,146.4372966003418
2024-03-07,AAPL,162.6288996887207
2024-03-07,CVS,104.20880020141601
2024-03-07,UNH,487.83749908447265
2024-03-08,WMT,47.03353290557861
2024-03-08,AMZN,143.95005172729492
2024-03-08,AAPL,160.74909912109376
2024-03-08,CVS,104.2109009552002
2024-03-08,UNH,488.53029541015627
2024-03-09,WMT,47.04519981384277
2024-03-09,AMZN,144.5305436706543
2024-03-09,AAPL,160.56279861450196
2024-03-09,CVS,103.95310066223145
2024-03-09,UNH,489.7178967285156
2024-03-10,WMT,47.36893230438233
2024-03-10,AMZN,146.29213470458984
2024-03-10,AAPL,158.62879989624022
2024-03-10,CVS,104.07710121154786
2024-03-10,UNH,490.47749694824216
2024-03-11,WMT,47.28926578521728
2024-03-11,AMZN,144.70683959960937
2024-03-11,AAPL,155.9480987548828
2024-03-11,CVS,104.05469924926757
2024-03-11,UNH,485.2733044433594
2024-03-12,WMT,47.43556594848633
2024-03-12,AMZN,145.81454650878905
2024-03-12,AAPL,157.03439880371093
2024-03-12,CVS,103.91730003356933
2024-03-12,UNH,483.07350189208984
2024-03-13,WMT,47.9028999710083
2024-03-13,AMZN,147.20918716430663
2024-03-13,AAPL,158.94789901733398
2024-03-13,CVS,104.54209991455077
2024-03-13,UNH,487.7533038330078
2024-03-14,WMT,48.188233337402345
2024-03-14,AMZN,148.67978713989257
2024-03-14,AAPL,159.01169692993165
2024-03-14,CVS,105.288999710083
2024-03-14,UNH,491.52370391845704
2024-03-15,WMT,48.309866676330564
2024-03-15,AMZN,151.68216247558593
2024-03-15,AAPL,158.86599639892577
2024-03-15,CVS,106.5557007598877
2024-03-15,UNH,496.4822024536133
2024-03-16,WMT,48.329466552734374
2024-03-16,AMZN,154.28618209838868
2024-03-16,AAPL,160.2709962463379
2024-03-16,CVS,106.97930046081542
2024-03-16,UNH,499.1534036254883
2024-03-17,WMT,48.30603294372558
2024-03-17,AMZN,156.94495101928712
2024-03-17,AAPL,160.81429611206056
2024-03-17,CVS,107.39830001831055
2024-03-17,UNH,504.4062966918945
2024-03-18,WMT,48.28193389892578
2024-03-18,AMZN,154.60289596557618
2024-03-18,AAPL,161.4197004699707
2024-03-18,CVS,107.1909008026123
2024-03-18,UNH,505.3680001831055
2024-03-19,WMT,48.30406723022461
2024-03-19,AMZN,158.2541911315918
2024-03-19,AAPL,165.38320129394532
2024-03-19,CVS,107.04320152282715
2024-03-19,UNH,506.43299987792966
2024-03-20,WMT,48.14710021972656
2024-03-20,AMZN,159.8077670288086
2024-03-20,AAPL,165.98270141601563
2024-03-20,CVS,106.98270034790039
2024-03-20,UNH,508.2993002319336
2024-03-21,WMT,47.920633430480954
2024-03-21,AMZN,160.30453857421875
2024-03-21,AAPL,166.3654019165039
2024-03-21,CVS,107.37500137329101
2024-03-21,UNH,507.21670104980467
2024-03-22,WMT,47.886766624450686
2024-03-22,AMZN,158.93967346191405
2024-03-22,AAPL,167.0992008972168
2024-03-22,CVS,107.25710098266602
2024-03-22,UNH,505.79310455322263
2024-03-23,WMT,47.67069953918457
2024-03-23,AMZN,159.4457223510742
2024-03-23,AAPL,169.06850250244142
2024-03-23,CVS,107.13349983215332
2024-03-23,UNH,504.94400970458986
2024-03-24,WMT,47.64819969177246
2024-03-24,AMZN,161.68090728759765
2024-03-24,AAPL,171.79850341796876
2024-03-24,CVS,107.5541000366211
2024-03-24,UNH,510.5222189331055
2024-03-25,WMT,47.744466896057126
2024-03-25,AMZN,158.44065567016602
2024-03-25,AAPL,167.878204498291
2024-03-25,CVS,107.03880020141601
2024-03-25,UNH,512.1998165893555
2024-03-26,WMT,47.770700187683104
2024-03-26,AMZN,155.0993672180176
2024-03-26,AAPL,165.41630447387695
2024-03-26,CVS,106.82330024719238
2024-03-26,UNH,512.5390167236328
2024-03-27,WMT,48.15063369750977
2024-03-27,AMZN,151.53059700012207
2024-03-27,AAPL,164.9117057800293
2024-03-27,CVS,106.39920005798339
2024-03-27,UNH,514.3255139160157
2024-03-28,WMT,48.61526741027832
2024-03-28,AMZN,157.28612770080565
2024-03-28,AAPL,171.29090286254882
2024-03-28,CVS,106.19360046386718
2024-03-28,UNH,512.7907162475586
2024-03-29,WMT,49.11953411102295
2024-03-29,AMZN,153.35014907836913
2024-03-29,AAPL,170.9282012939453
2024-03-29,CVS,104.551099319458
2024-03-29,UNH,511.73901123046875
2024-03-30,WMT,49.55760093688965
2024-03-30,AMZN,159.30704772949218
2024-03-30,AAPL,173.7463021850586
2024-03-30,CVS,103.92210006713867
2024-03-30,UNH,514.3233078002929
2024-03-31,WMT,49.45373329162598
2024-03-31,AMZN,159.30539291381837
2024-03-31,AAPL,173.05270080566407
2024-03-31,CVS,102.92229942321778
2024-03-31,UNH,512.4332061767578
2024-04-01,WMT,50.48333408355713
2024-04-01,AMZN,162.49482177734376
2024-04-01,AAPL,175.6082000732422
2024-04-01,CVS,100.40689895629883
2024-04-01,UNH,512.8782037353516
2024-04-02,WMT,50.49290077209473
2024-04-02,AMZN,160.62933715820313
2024-04-02,AAPL,174.17579879760743
2024-04-02,CVS,100.39729888916015
2024-04-02,UNH,513.4974053955078
2024-04-03,WMT,50.62590114593506
2024-04-03,AMZN,158.66343292236328
2024-04-03,AAPL,173.59739837646484
2024-04-03,CVS,100.82969886779784
2024-04-03,UNH,513.9371997070313
2024-04-04,WMT,50.620333976745606
2024-04-04,AMZN,160.40373291015624
2024-04-04,AAPL,173.13029876708984
2024-04-04,CVS,101.18979835510254
2024-04-04,UNH,514.8476095581054
2024-04-05,WMT,50.67760097503662
2024-04-05,AMZN,158.86598281860353
2024-04-05,AAPL,173.21909866333007
2024-04-05,CVS,101.17089828491211
2024-04-05,UNH,518.6745123291016
2024-04-06,WMT,51.491033973693845
2024-04-06,AMZN,157.5127082824707
2024-04-06,AAPL,172.32369934082033
2024-04-06,CVS,102.27039825439454
2024-04-06,UNH,532.6712142944336
2024-04-07,WMT,51.90896713256836
2024-04-07,AMZN,156.62041885375976
2024-04-07,AAPL,171.03509902954102
2024-04-07,CVS,104.17249969482423
2024-04-07,UNH,538.4213165283203
2024-04-08,WMT,51.495267143249514
2024-04-08,AMZN,151.77582244873048
2024-04-08,AAPL,168.2993002319336
2024-04-08,CVS,103.61319869995117
2024-04-08,UNH,533.3011071777344
2024-04-09,WMT,51.55046714782715
2024-04-09,AMZN,151.58354385375978
2024-04-09,AAPL,167.96350036621095
2024-04-09,CVS,103.97509902954101
2024-04-09,UNH,534.8135083007812
2024-04-10,WMT,51.89133365631103
2024-04-10,AMZN,151.87886535644532
2024-04-10,AAPL,168.13189849853515
2024-04-10,CVS,104.68800033569336
2024-04-10,UNH,536.0655072021484
2024-04-11,WMT,52.0678670501709
2024-04-11,AMZN,152.4788703918457
2024-04-11,AAPL,167.49129684448243
2024-04-11,CVS,104.32670051574706
2024-04-11,UNH,536.3367071533203
2024-04-12,WMT,52.0023673248291
2024-04-12,AMZN,152.86391021728517
2024-04-12,AAPL,166.79689682006835
2024-04-12,CVS,105.25380073547363
2024-04-12,UNH,539.2326159667969
2024-04-13,WMT,52.20070037841797
2024-04-13,AMZN,153.94027450561524
2024-04-13,AAPL,167.55799606323242
2024-04-13,CVS,105.37250099182128
2024-04-13,UNH,538.8939151000976
2024-04-14,WMT,52.28910053253174
2024-04-14,AMZN,153.30348876953124
2024-04-14,AAPL,165.84639465332032
2024-04-14,CVS,105.19270072937012
2024-04-14,UNH,538.7423153686524
2024-04-15,WMT,51.821199836730955
2024-04-15,AMZN,151.30497146606444
2024-04-15,AAPL,163.40380004882812
2024-04-15,CVS,103.99149917602539
2024-04-15,UNH,533.3417141723633
2024-04-16,WMT,52.06503299713135
2024-04-16,AMZN,152.3918016052246
2024-04-16,AAPL,164.48209884643555
2024-04-16,CVS,103.9496997833252
2024-04-16,UNH,533.3670153808594
2024-04-17,WMT,52.40053287506103
2024-04-17,AMZN,153.5123356628418
2024-04-17,AAPL,165.49029724121092
2024-04-17,CVS,104.49130027770997
2024-04-17,UNH,535.2233096313477
2024-04-18,WMT,52.75193340301514
2024-04-18,AMZN,153.37448608398438
2024-04-18,AAPL,165.76699798583985
2024-04-18,CVS,104.47310005187988
2024-04-18,UNH,536.3469076538086
2024-04-19,WMT,52.54276668548584
2024-04-19,AMZN,154.89397552490234
2024-04-19,AAPL,165.20869674682618
2024-04-19,CVS,105.29310028076172
2024-04-19,UNH,540.1955139160157
2024-04-20,WMT,52.70046672821045
2024-04-20,AMZN,153.21431144714356
2024-04-20,AAPL,165.3668963623047
2024-04-20,CVS,105.82950012207031
2024-04-20,UNH,541.313012084961
2024-04-21,WMT,52.744667053222656
2024-04-21,AMZN,149.26960411071778
2024-04-21,AAPL,165.15709686279297
2024-04-21,CVS,105.36700027465821
2024-04-21,UNH,538.8836096191407
2024-04-22,WMT,52.324165725708006
2024-04-22,AMZN,151.85596435546876
2024-04-22,AAPL,164.0639031982422
2024-04-22,CVS,102.95599899291992
2024-04-22,UNH,527.2646124267578
2024-04-23,WMT,52.30993259429932
2024-04-23,AMZN,150.93077926635743
2024-04-23,AAPL,165.13600189208984
2024-04-23,CVS,102.69689903259277
2024-04-23,UNH,525.1856140136719
2024-04-24,WMT,52.382566108703614
2024-04-24,AMZN,150.7557894897461
2024-04-24,AAPL,166.285704498291
2024-04-24,CVS,101.86949821472167
2024-04-24,UNH,520.7135150146485
2024-04-25,WMT,52.21769989013672
2024-04-25,AMZN,148.63404762268067
2024-04-25,AAPL,165.58060134887694
2024-04-25,CVS,101.72609909057617
2024-04-25,UNH,521.43060546875
2024-04-26,WMT,51.75796653747559
2024-04-26,AMZN,140.08020690917968
2024-04-26,AAPL,160.67390090942382
2024-04-26,CVS,101.4161994934082
2024-04-26,UNH,517.5745037841797
2024-04-27,WMT,51.602199935913085
2024-04-27,AMZN,138.6723416900635
2024-04-27,AAPL,159.48540161132811
2024-04-27,CVS,101.09119880676269
2024-04-27,UNH,516.5767980957031
2024-04-28,WMT,51.74026641845703
2024-04-28,AMZN,141.18408950805664
2024-04-28,AAPL,162.21039810180665
2024-04-28,CVS,100.54649848937989
2024-04-28,UNH,517.5418914794922
2024-04-29,WMT,51.498566246032716
2024-04-29,AMZN,145.40163078308106
2024-04-29,AAPL,165.87220123291016
2024-04-29,CVS,98.64359802246094
2024-04-29,UNH,514.8100006103516
2024-04-30,WMT,51.483132972717286
2024-04-30,AMZN,148.52183517456055
2024-04-30,AAPL,170.18260208129882
2024-04-30,CVS,98.7582982635498
2024-04-30,UNH,513.972900390625
2024-05-01,WMT,51.08370021820068
2024-05-01,AMZN,122.70606864929199
2024-05-01,AAPL,160.6003025817871
2024-05-01,CVS,97.04020164489746
2024-05-01,UNH,500.77989471435546
2024-05-02,WMT,50.96530025482178
2024-05-02,AMZN,122.82630470275879
2024-05-02,AAPL,159.72600341796874
2024-05-02,CVS,97.03450172424317
2024-05-02,UNH,499.09289794921875
2024-05-03,WMT,50.87753345489502
2024-05-03,AMZN,120.67455879211425
2024-05-03,AAPL,159.40660095214844
2024-05-03,CVS,97.19870223999024
2024-05-03,UNH,497.7061944580078
2024-05-04,WMT,50.98583366394043
2024-05-04,AMZN,120.66236839294433
2024-05-04,AAPL,160.50350158691407
2024-05-04,CVS,98.96850158691406
2024-05-04,UNH,499.1585943603516
2024-05-05,WMT,50.80813362121582
2024-05-05,AMZN,117.2503034210205
2024-05-05,AAPL,157.89080184936523
2024-05-05,CVS,99.30600227355957
2024-05-05,UNH,497.28209594726565
2024-05-06,WMT,50.423800506591796
2024-05-06,AMZN,121.27551483154296
2024-05-06,AAPL,155.93030014038087
2024-05-06,CVS,99.00890151977539
2024-05-06,UNH,498.63509643554687
2024-05-07,WMT,50.374100074768066
2024-05-07,AMZN,120.94217468261719
2024-05-07,AAPL,155.6036993408203
2024-05-07,CVS,99.06760162353515
2024-05-07,UNH,498.1464971923828
2024-05-08,WMT,50.222800178527834
2024-05-08,AMZN,119.16556449890136
2024-05-08,AAPL,154.3246989440918
2024-05-08,CVS,98.58490119934082
2024-05-08,UNH,496.4016989135742
2024-05-09,WMT,49.98566680908203
2024-05-09,AMZN,113.198755569458
2024-05-09,AAPL,152.3091990661621
2024-05-09,CVS,98.23190071105957
2024-05-09,UNH,488.63589965820313
2024-05-10,WMT,49.73559967041015
2024-05-10,AMZN,110.78836067199707
2024-05-10,AAPL,150.6911979675293
2024-05-10,CVS,98.34870223999023
2024-05-10,UNH,486.46330017089844
2024-05-11,WMT,49.36633377075195
2024-05-11,AMZN,110.13693046569824
2024-05-11,AAPL,147.37839889526367
2024-05-11,CVS,98.26050193786621
2024-05-11,UNH,485.7313980102539
2024-05-12,WMT,49.155700035095215
2024-05-12,AMZN,110.43035469055175
2024-05-12,AAPL,145.02269897460937
2024-05-12,CVS,98.27550186157227
2024-05-12,UNH,483.030393371582
2024-05-13,WMT,49.53959926605225
2024-05-13,AMZN,107.34489456176757
2024-05-13,AAPL,146.54309860229492
2024-05-13,CVS,98.29910179138183
2024-05-13,UNH,485.28920104980466
2024-05-14,WMT,49.23003231048584
2024-05-14,AMZN,106.66575401306153
2024-05-14,AAPL,145.99689895629882
2024-05-14,CVS,98.44780082702637
2024-05-14,UNH,484.6509997558594
2024-05-15,WMT,48.4153657913208
2024-05-15,AMZN,107.61390907287597
2024-05-15,AAPL,144.86259887695311
2024-05-15,CVS,98.16890029907226
2024-05-15,UNH,478.6254992675781
2024-05-16,WMT,46.31049915313721
2024-05-16,AMZN,107.24938591003418
2024-05-16,AAPL,143.56970001220702
2024-05-16,CVS,97.65400016784668
2024-05-16,UNH,480.17839385986326
2024-05-17,WMT,43.56849956512451
2024-05-17,AMZN,108.75578651428222
2024-05-17,AAPL,144.75460205078124
2024-05-17,CVS,97.85070045471191
2024-05-17,UNH,482.01460021972656
2024-05-18,WMT,41.00723308563232
2024-05-18,AMZN,108.63266662597657
2024-05-18,AAPL,141.27930267333986
2024-05-18,CVS,95.1813990020752
2024-05-18,UNH,478.5609020996094
2024-05-19,WMT,40.13693298339844
2024-05-19,AMZN,108.40032180786133
2024-05-19,AAPL,138.9386015319824
2024-05-19,CVS,93.9351993560791
2024-05-19,UNH,480.0500003051758
2024-05-20,WMT,41.1276342010498
2024-05-20,AMZN,108.61188507080078
2024-05-20,AAPL,141.7160029602051
2024-05-20,CVS,94.78319915771485
2024-05-20,UNH,485.68739990234377
2024-05-21,WMT,40.983400917053224
2024-05-21,AMZN,107.689375
2024-05-21,AAPL,141.02780349731447
2024-05-21,CVS,94.71799911499023
2024-05-21,UNH,485.71919921875
2024-05-22,WMT,40.887134056091305
2024-05-22,AMZN,107.72407531738281
2024-05-22,AAPL,140.65240203857422
2024-05-22,CVS,95.49619987487793
2024-05-22,UNH,485.0262973022461
2024-05-23,WMT,40.54409980773926
2024-05-23,AMZN,109.30937568664551
2024-05-23,AAPL,139.96550186157228
2024-05-23,CVS,96.27220092773437
2024-05-23,UNH,495.31869720458985
2024-05-24,WMT,40.73796669006347
2024-05-24,AMZN,112.74119995117188
2024-05-24,AAPL,140.57519958496093
2024-05-24,CVS,96.83560111999512
2024-05-24,UNH,497.09060455322265
2024-05-25,WMT,40.7806665802002
2024-05-25,AMZN,112.55486007690429
2024-05-25,AAPL,140.47279983520508
2024-05-25,CVS,97.28390190124512
2024-05-25,UNH,497.9460040283203
2024-05-26,WMT,41.51046684265137
2024-05-26,AMZN,113.01292999267578
2024-05-26,AAPL,142.8693994140625
2024-05-26,CVS,97.53700248718262
2024-05-26,UNH,500.9563037109375
2024-05-27,WMT,42.29186721801758
2024-05-27,AMZN,110.21730529785157
2024-05-27,AAPL,146.125799407959
2024-05-27,CVS,96.75509941101075
2024-05-27,UNH,502.24789825439456
2024-05-28,WMT,42.505400390625
2024-05-28,AMZN,108.10113525390625
2024-05-28,AAPL,146.74049896240234
2024-05-28,CVS,97.04280044555664
2024-05-28,UNH,503.3426986694336
2024-05-29,WMT,42.41403373718262
2024-05-29,AMZN,109.27126007080078
2024-05-29,AAPL,146.81049896240233
2024-05-29,CVS,97.13110130310059
2024-05-29,UNH,506.47320739746095
2024-05-30,WMT,42.38510040283203
2024-05-30,AMZN,110.19525451660157
2024-05-30,AAPL,146.62509887695313
2024-05-30,CVS,97.5090023803711
2024-05-30,UNH,507.2355047607422
2024-05-31,WMT,42.35466724395752
2024-05-31,AMZN,117.62559616088868
2024-05-31,AAPL,147.61389831542968
2024-05-31,CVS,97.6050025177002
2024-05-31,UNH,505.203200378418
2024-06-01,WMT,42.142200317382816
2024-06-01,AMZN,121.19874885559082
2024-06-01,AAPL,147.9501045227051
2024-06-01,CVS,95.95500183105469
2024-06-01,UNH,488.3029898071289
2024-06-02,WMT,42.22713382720947
2024-06-02,AMZN,121.48999908447266
2024-06-02,AAPL,148.10010452270507
2024-06-02,CVS,96.0792022705078
2024-06-02,UNH,488.36579162597656
2024-06-03,WMT,41.82533340454101
2024-06-03,AMZN,124.35762062072754
2024-06-03,AAPL,148.17230300903321
2024-06-03,CVS,95.69060089111328
2024-06-03,UNH,493.4699957275391
2024-06-04,WMT,41.79476676940918
2024-06-04,AMZN,124.26239059448243
2024-06-04,AAPL,148.48400405883788
2024-06-04,CVS,95.62870063781739
2024-06-04,UNH,493.95689666748046
2024-06-05,WMT,41.71026638031006
2024-06-05,AMZN,122.2345344543457
2024-06-05,AAPL,148.0200036621094
2024-06-05,CVS,95.2510001373291
2024-06-05,UNH,493.3121969604492
2024-06-06,WMT,41.52710010528565
2024-06-06,AMZN,120.78765480041504
2024-06-06,AAPL,147.53510391235352
2024-06-06,CVS,95.15410057067871
2024-06-06,UNH,492.36949768066404
2024-06-07,WMT,41.1891667175293
2024-06-07,AMZN,119.24234939575196
2024-06-07,AAPL,146.80270431518554
2024-06-07,CVS,94.9260001373291
2024-06-07,UNH,489.7413946533203
2024-06-08,WMT,40.831833076477054
2024-06-08,AMZN,118.50221473693847
2024-06-08,AAPL,146.37760452270507
2024-06-08,CVS,93.8354988861084
2024-06-08,UNH,488.8666943359375
2024-06-09,WMT,40.53846630096436
2024-06-09,AMZN,113.7953158569336
2024-06-09,AAPL,143.39030227661132
2024-06-09,CVS,93.04339874267578
2024-06-09,UNH,485.79329803466794
2024-06-10,WMT,40.52179969787598
2024-06-10,AMZN,108.31131019592286
2024-06-10,AAPL,140.79300216674804
2024-06-10,CVS,93.36349853515625
2024-06-10,UNH,485.60890411376954
2024-06-11,WMT,40.40543300628662
2024-06-11,AMZN,105.07045928955078
2024-06-11,AAPL,139.55750198364257
2024-06-11,CVS,93.09929870605468
2024-06-11,UNH,484.4619021606445
2024-06-12,WMT,40.03013252258301
2024-06-12,AMZN,105.76929908752442
2024-06-12,AAPL,136.02789916992188
2024-06-12,CVS,92.0890983581543
2024-06-12,UNH,472.272399597168
2024-06-13,WMT,40.02700008392334
2024-06-13,AMZN,105.96144973754883
2024-06-13,AAPL,133.67639755249024
2024-06-13,CVS,90.88629837036133
2024-06-13,UNH,467.5077996826172
2024-06-14,WMT,39.89949993133545
2024-06-14,AMZN,108.93481056213379
2024-06-14,AAPL,133.31819732666017
2024-06-14,CVS,90.17090072631837
2024-06-14,UNH,463.12309661865237
2024-06-15,WMT,39.88569972991943
2024-06-15,AMZN,109.00496086120606
2024-06-15,AAPL,133.23189682006836
2024-06-15,CVS,90.16260063171387
2024-06-15,UNH,461.6119937133789
2024-06-16,WMT,39.89933361053467
2024-06-16,AMZN,107.81284645080567
2024-06-16,AAPL,132.1959976196289
2024-06-16,CVS,89.8942007446289
2024-06-16,UNH,459.65169494628907
2024-06-17,WMT,39.99779983520508
2024-06-17,AMZN,110.00850517272949
2024-06-17,AAPL,133.63799774169922
2024-06-17,CVS,91.0015998840332
2024-06-17,UNH,465.2587991333008
2024-06-18,WMT,39.99726634979248
2024-06-18,AMZN,109.38817489624023
2024-06-18,AAPL,133.9360971069336
2024-06-18,CVS,91.11570091247559
2024-06-18,UNH,464.90049896240237
2024-06-19,WMT,40.12153301239014
2024-06-19,AMZN,108.8841397857666
2024-06-19,AAPL,134.4335986328125
2024-06-19,CVS,91.24380035400391
2024-06-19,UNH,468.0456982421875
2024-06-20,WMT,40.538199996948244
2024-06-20,AMZN,108.48053077697755
2024-06-20,AAPL,134.93790008544923
2024-06-20,CVS,90.79030044555664
2024-06-20,UNH,478.52010009765627
2024-06-21,WMT,40.52136680603027
2024-06-21,AMZN,109.5581061553955
2024-06-21,AAPL,135.71840057373046
2024-06-21,CVS,90.16980171203613
2024-06-21,UNH,477.42540100097654
2024-06-22,WMT,40.460433654785156
2024-06-22,AMZN,110.78770065307617
2024-06-22,AAPL,135.7668020629883
2024-06-22,CVS,90.18640167236327
2024-06-22,UNH,484.1964974975586
2024-06-23,WMT,40.9205680847168
2024-06-23,AMZN,112.88348022460937
2024-06-23,AAPL,138.37850326538086
2024-06-23,CVS,91.99330078125
2024-06-23,UNH,494.6705023193359
2024-06-24,WMT,41.07220027923584
2024-06-24,AMZN,109.94101509094239
2024-06-24,AAPL,139.85660247802736
2024-06-24,CVS,93.4872999572754
2024-06-24,UNH,497.07829681396487
2024-06-25,WMT,41.04166732788086
2024-06-25,AMZN,108.50816520690918
2024-06-25,AAPL,139.27950256347657
2024-06-25,CVS,93.56919937133789
2024-06-25,UNH,499.1645004272461
2024-06-26,WMT,41.02126670837402
2024-06-26,AMZN,109.29133987426758
2024-06-26,AAPL,139.18650177001953
2024-06-26,CVS,93.84129936218261
2024-06-26,UNH,503.9649069213867
2024-06-27,WMT,41.093100700378415
2024-06-27,AMZN,110.90972038269042
2024-06-27,AAPL,138.90740188598633
2024-06-27,CVS,93.65750061035156
2024-06-27,UNH,508.2618020629883
2024-06-28,WMT,40.90016765594483
2024-06-28,AMZN,113.31274459838868
2024-06-28,AAPL,139.428201751709
2024-06-28,CVS,93.40399948120117
2024-06-28,UNH,508.8987023925781
2024-06-29,WMT,40.78906753540039
2024-06-29,AMZN,113.52902435302734
2024-06-29,AAPL,139.47430038452148
2024-06-29,CVS,93.23389976501466
2024-06-29,UNH,512.5412100219727
2024-06-30,WMT,40.74193470001221
2024-06-30,AMZN,114.03375953674316
2024-06-30,AAPL,138.88580108642577
2024-06-30,CVS,93.11760063171387
2024-06-30,UNH,512.0976065063477
